,0
0,"apartmentno3,pillow,catsofinstagram,happycat,homedecor,colorful,mondaymood,bohovibes,boho,bohemianstyle,boholife,embroidery,howyouhome,howiboho,accentpillow,beautifullyboho,unique,art,design,handmade,artisan,colormyhome,cat,happyhome,bohemiandecor,smallspacesquad,creative,bohochic,interiordesign"
1,
2,art
3,
4,
5,"mdf,art,highgloss,hdf,polygloss,furniture,sofa,bedstead,Wardrobe,Parquet,??_??_??,???_????,???????,??_??_??,???????,???_????,????,??????,????_??????,????,???_????,???,???"
6,"sold,Artist,painting,paint,art,modernart,contemporaryart,beautiful,homedecor,home,interiordesign,interiors,designideas,design,luxury,luxurydesign,furniture,decor,instagood,photooftheday,artistsoninstagram,artsy,wow,gorgeous,positivevibes,thankful,gallery,artgallery,cool"
7,"acrylicpainting,acryliconcanvas,art,artforsale,artwork,rac_creations,dirtypourart,fluidart,live,fluidartvideo,fluidart_daily,colorcompanion,swiping,love,fluidpainting,acrylic,liquidart,pourart,instaart,etsy,origionalart,artwork,like,resin,resinart,fluidartwork,dirtypour,opinionsplease,liquitex,likemyart"
8,
9,"anastasiaivleeva,nastyaivleeva,ivleeva,love,art,vain,videoblogger,model,beautiful,??????,????????????????,????????????,???????,???????????,????,?????,??????,???,???????,???????????,??????????,???????????,?????????,????,????"
10,"youngentrepreneur,style,fashion,design,keepup,goodlooks,seriousinquiresonly,nothingbutstyle,fun,art,hustle,womenfashion,postive,casualness,mypassion,explore,hmu,onlinemaketing,viral,hardwork,smallbusinessowner,whatstrending"
11,"nudes,nudedrawing,nudesketch,art,artinbarcelona,artistofinstagram,anaclerici,annearte,rgsmagazine,artblanquette,contemporaryart,contemporaryartist,figurativeartist,figurativeart,womansketch"
12,
13,
14,"drawing,art"
15,"makeuptutorial,makeup,art,fxmakeup,fxmakeupartist,fxphotostudio,specialeffectsmakeup,zombie"
16,"photo,photos,pic,pics,envywear,picture,pictures,snapshot,art,beautiful,instagood,picoftheday,photooftheday,color,all_shots,exposure,composition,focus,capture,moment,hdr,hdrspotters,hdrstyles_gf,hdri,hdroftheday,hdriphonegraphy,hdr_lovers"
17,"caricature,caricatureartist,caricaturist,digital_art,cartooning,cartoonlook,illustration,artworks,art,sketchy,cartoons,drawing_feature"
18,"abstractart,persian_art_sharing,art,myart,artwork,artpainting,artinstagram,artdrawing,arts,draw,drawing,draws,mydrawings,drawings,instaart,instadraw,instapaiting,instadrawing,instapaint,sketch,sketches,instasketch,sketching,paintings,paint,sketchbook,painting,naghashi,photooftheday"
19,??
20,
21,"Morocco,Casablanca,photography,photographer,fotomar,foto,photo,city,cita,street,streetjocker,streetart,jocker,art,bwn,blackandwhite,bwnphotography,blancnoir,biancoenero,Omarovich,maroc,Morocco2018,famille,amici,amis,casa,2018,phone,phonephoto"
22,"insta,naturephotography,photo,photooftheday,instagood,pic,picoftheday,love,makeup,food,photograph,naturephotography,pride,photoshoots,landscape,landscapephotography,insta,food,art,dessert,funny,fortnite,gaming,giveaway,macro,vbucksgiveaway,vbucks,makeup,slime,landscape,loveisland,animals,dessert,fortnitememes"
23,"oilpainting,model,shortpositions,shortposes,shorttime,40x50cm,art"
24,"igers,nofilter,life,amazing,instamood,instagram"
25,"ahreningle,goforthandcreate,photooftheday,photography,picoftheday,photographerlife,photographer,art,artist,experiencesnotthings,create,inspire,justkeeplivin,motivator,influencer,consistent,begood,dogood,blackandwhite,blackandwhitephotography,workharder"
26,"nudes,nudedrawing,nudesketch,art,artinbarcelona,artistofinstagram,anaclerici,annearte,rgsmagazine,artblanquette,contemporaryart,contemporaryartist,figurativeartist,figurativeart,womansketch"
27,"staugustine,coltonmckenna,staugustineart,agosa,artwalk,totallystaugustine,thecompass,staugustinerecord,totallystaugustine,oldcitylife,totallystaugustine,artists,supportthearts,staugustinesocial,thecompass,staugustineartwalk,staugustineart,agosa,artopening,staugustine,artgallery,artwalk,artforsale,interiordesign,artists,homedecor,art"
28,"ideyka,ideyka4you,art,????????????????,??????????,?????,?????,??????????,???????????????????,?????????????????,??????????????????,???????????????????,?????????????????"
29,"???,??,???,fff,??????,art,instadaily,instafit,instalike4like,instaphoto,makeup,????,photography,ocean"
30,"hongkong,HK,hk,??,???,???,street"
31,
32,"mediterraneo,relax"
33,"art,arte,dog,funnydog,funny,artworks,artwork,illustration,illustrator,sketch,artist,painter,painting,graphicarts,????????,?????????????????,????????,??????????,???,??????,???????,?????????????,???????,?????????"
34,"?????????????,?????,??????,????????,???????,?????????,????????????,??????????,chb,color,artfotos,art,?????????????,?????????,???????,???????,grafika,gm,??????,??????,???????????,arhitecture,river"
35,
36,
37,"theperksofbeingawallflower,wallflower,yellow,oilpastels,pastels,creativity,inspire,art,positivevibes,red,motivateyourself,instaart,quoteoftheday,quotestoliveby,instaartist,artinspiration,artistsoninstagram,motivation,colorcompanion,artsagram,art_viral,artist_4_shoutout,beautiful,handmadeart,handmade,bestrong,life,positivity,goodvibesonly"
38,"kunscht,art,Slam,spokenword"
39,"dreamworksanimation,photo,drawing,horse,photoshoot,painting,passion,nature,goodnight,creativity,drawingtime,drawing,istadrawing,art,2018,mysoul,creativity,summertime"
40,"ohio,ohiophotographer,ohiophotography,nikon,NikonD3400,nikonphotography,nikonphotographer,TeamNikon,amateur,amateurphotography,amateurphotographer,photography,photographer,summer,July,warm,aesthetic,hashtagsforlikes,art,original,edit,grunge,reflect,reflection,glass,garage,parkinggarage,girl,woman,model"
41,"drawing,sketch,inkedart,inked,instaartistic,instaart,comics,comicsart,picoftheday,myart,comicpage,artistoninstagram,picofday,drawoftheday,art,fantasyart,fantasy,nerd,geek,rpg,jrpg,gdr,birds,raven,bandesdessinees"
42,"freiberg,modeltest"
43,"dragonborn,dnd,dungeonsanddragons,characterdesign,reptiles,rpgcharacter,rpg,bard,bigasstitties,lustyargonianmaid,art,sketch,fantasy,fantasyart,pencildrawing,pencil,sexy,horns"
44,"bunny,girl,animeartwork,japanese"
45,"money,tesla,victoriassecret,vintage,fitfam,carsreal,luxurylife,luxurylifestyle,millionaire,success,billionaire,rich,cars,art,entrepreneur,business,designer,movie,lux,luxurycars,classy,viral,instagood,instagram,luxlife,luxury,luxuriouslife,fitness,richlife"
46,
47,"designer,creative,artist,graphic,posterdesign,visualstyle,abstractart,contemporaryart,graphicdesign,art,inspiration,printdesign,digitalart,illustration,3dart,minimal,instadesign,instaart,instapic,instagood,maxon,selfdevelopment,reality,siliconvalley,vr,secondlife,belowthesurface,blackandwhite,creativity"
48,"art,specialeffects,aftereffects,Photoshop,illustration,best,shades,colors,drop,fantasy,adobe"
49,"eye,eyesketch,doodle,doodlesofinstagram,sketch,art,artwork,artist,artislife,artsy,arte,instaart,instadaily,instagram,youngartisthelp,art_empire,art_spotlight,artistmafia,arts_help,artist_features,artistic,artlover,worldofartists,ballpointpen"
50,"follow,art,design,japan,artwork,pencil,calligraphy,???,???,??,??,??,???,??,???????,???,??,kanji,??,??,?????,penmanship,??,???post,??,???,???,??,???,???"
51,
52,
53,"tattoostyle,littletattoos,colortattoo,tattooartist"
54,"art,painting,paint,aquarellepainting"
55,
56,"positivity,positivevibes,life,art,lifestyle,happy,goodvibes,love,energy,lawofattraction,music,musicproducer,musicproduction,recordingstudio,pyramid,healthy,style,fashion,instagood,yinyang,crystals,colors,healthy,stylish,photography,light,m?sica,energy,letmeinthesound"
57,
58,"cute,lol,sea,model,style,art,love,summer,selfie,girl,igers,instagood,me,fit,life,fashion,happy,fun,beauty,photo,photography,photooftheday,amor,music,nature,pic,tbt,pop,artist"
59,"larastone,dutchbeauty,illustration,fashionillustration,blackandwhite,artoftheday"
60,
61,"modelfashion,modelmanagement,fashionphoto"
62,"pintura,dibujo,arte,expresionismo,acuarela,retrato,soldado,paint,draw,art,expresionism,instaart"
63,
64,disneyart
65,"c4d,graphic,abstract,3d,everyday,digital,graphicdesign,design,art,artwork,cgi,gfx,photoshop,cinema,composition,adobe,creative,concept,colors,daily,render,octane"
66,"render,????_????,???_???"
67,
68,
69,
70,"kombinezon,streetart,street,streetphotography,sprayart,urban,urbanart,urbanwalls,wall,wallporn,graffitiigers,stencilart,art,graffiti,instagraffiti,instagood,artwork,mural,graffitiporn,photooftheday,stencil,streetartistry,stickerart,pasteup,instagraff,instagrafite"
71,"art,drawing,sketch,instaart,instaartists,manga,mangaart,mangaartist,mangastyle,mangasketch,pencilsketch,pensketch,artistsofinstagram,doodle,anime,animeart,animedrawing,igart,illustration,copicart,animedrawing,animedraw,otaku,calligraphy,lettering,wordart"
72,"porsche,porsche914,914,sportscartogether,karmann,chianti,chianticlassic,italia,modena,goosebumps,art,chronograph,heuer,vantisport,penske"
73,
74,"pencilcolours,artistsoninstagram,art,instaart,doodlesofinstagram,owl"
75,"travel,traveling,me,vacation,visiting,instatravel,instago,instagood,trip,holiday,photooftheday,fun,travelling,tourism,tourist,instapassport,instatraveling,mytravelgram,travelgram,travelingram"
76,"paintings,actinia"
77,"instagood,instagram,photooftheday,photography,instagraffiti,art,graffiti,love,streetart"
78,"photo,fotografobrasileiro,art,photooftheday,beautiful,brasil,fotosdobrasil,brazilphotography,shoutout,fotododia,fotografocarioca,carioca,natureza,nature,naturephotos"
79,
80,"art,melovin,melovinmyworld,melovin_love_melovinators,melovinart,Brave_Love_Freedom"
81,"tirelli,marcotirelli,art,arte,stamperia,artist,artista,printmaker,udine,italy,saturday,kounellis"
82,"drawing,mauer,art,drawings,paper,artsy,artgallery,hyperallergic,design"
83,"beautiful,dp,selfie,follow,cute,hot,art,people,gym,fitness,dating,awesome,nice,beauty,sexy,cool,baby,mumbai,panjab,jattjattian,delhi,dishapatani,aliabhatt,dipikapadukone,kritisanon,anushkasharma,nehakakkar,priyankachopra,nehasharma"
84,"B1A4,Bana,Jinyoung,Cnu,Sandeul,Baro,Gongchan,??,??,??,??,art,Love,handsome,Cute,boy,idol,Korea,Korean,Japan,Photo,MBC,???????IG"
85,
86,"photo,photos,pic,pics,socialenvy,picture,pictures,snapshot,art,beautiful,instagood,picoftheday,photooftheday,color,exposure,composition,focus,capture,moment,hdr,hdrspotters,hdrstyles_gf,hdri,hdroftheday,hdriphonegraphy,hdr_lovers,awesome_hdr,tbt"
87,"anime,animes,animeart,animefanart,myheroacademia,allmight,mha,bnha,bokunoheroacademia,drawing,drawings,draw,draws,sketch,sketches,art,artistsoninstagram,artist,artwork,artsy,illustration,illustrator,illustrations"
88,"bruselas,brussels,belgium,belgica,reflejo,reflection,color,colors,eyes,travel,trip,europa,foto,fotos,place,constrast,constraste,photo,photographer,photography,art,photoart,ipfoto"
89,"makeupBeauty,beautiful,nolaArtist,naturalhair,artistic,dopeart,undiscovered_muas,collaboration,henna"
90,"styleopia_interiors,interiordesign"
91,"psychedelic,psychedelics,psychedelicart,shrooms,mushrooms,dmt,acid,lsd,marijuana,maryjane,420,trippy,thirdeye,illusion,fantasy,spritual,spirituality,meditation,consciousness,enlightenment,hippie,universe,galaxy,goodvibes,peace,love,art,artwork,cocaine"
92,"anime,manga,naruto,todomomo,art,tokyoghoul,bokunoheroacademia,onepiece,japan,myheroacademia,attackontitan,fairytail,couples,narutoshippuden,sasusaku,kawaii,darlinginthefranxx,elain,haikyuu"
93,niwwrd
94,"tshirt,homme,femme,noir,blanc,monotone,daruma,japan,culture,cool,hot,summer,art,dotart,bodeko,porkerface"
95,"art,acrylicpainting,artoftheday,canadianart,artist,instaart,fineart,artists,summer,paintersofinstagram,abstractart,contemporaryart,abstractpainting,abstraction,print,painting,abstracto"
96,"nationalgooddeedsday,kiysbirthday,peace,love,socialwork,blessings,lovenothate,blackgirkmagic,blackboyjoy,naturalhair,freedom,justice,positiveenergy,poetry,speeches,lifecoaching,activist,muisc,vocals,fashion,film,harlem,painting,art,socialworker,august18th,leo,givingback"
97,"Memories,Me,Art,Hot,Girl,Life,Nice,Cool,Cute,Love,Style,Selfie,Smile,Photo,Pretty,Model,Happy,Beauty,Fitness,Healthy,Fashion,Lifestyle,Like4like,Amazing,Beautiful,FollowMe,Instagood,Likeforlike,Photography"
98,"black,white,blackandwhite,swag,amazing,view,look,style,travel,summer,clouds,sun,art,hot,bnw,photooftheday,monochrome,composition,moment,awesome,bw,monoart,followforfollow,like4like"
99,"drawing,eye,art"
100,
101,"minimalism,minimalist,minimal,minimalistic,minimalistics,minimalove,minimalobsession,photooftheday,minimalninja,instaminim,minimalisbd,simple,simplicity,keepitsimple,minimalplanet,love,instagood,minimalhunter,minimalista,minimalismo,beautiful,art,lessismore,simpleandpure,negativespace,ipreview"
102,"nohmtema,wordporn,quotes,writersofinstagram,poetry,poet,music,writerscommunity,prose,words,poem,love,writer,writing,spirituality,art,blackwomen,melanin,team237,writersofig,poetrycommunity,wordsmith,soul,art,african,spilledink,micropoetry,sea,water"
103,"Scenic,Artists,time,scenic,art,studio,lining,string,chalk,design"
104,
105,"myworld,frankfurt,snapshot,photography,photo,foto,fotografia,color,colorful,colour,photooftheday,photoofday,bestoftheday,art,design,style,enjoy,life,insta,instagram,instagood,instapic,street,instagramers,architecture,skyline,urban,epic,love"
106,"doanukanal,vienna,dailywalk,sprayer,wien,schwedenplatz,igersaustria,igersvienna,igers,streetsofaustria,streetsart,bunt,art,graffiti,schlendern,samsung,kunst,urbanart,street_art,salztorbr?cke,igerseurope"
107,"albanianwisewords,pillows,summer,gift,proverbs,art,design,branding,illustration,graphic,print,posters,gadgets,apparel,albania,textile,minimalism,presh,kap,dor?,catch,hand,leak,wiseshirts79"
108,"drawing,pencildrawing,instaart,art,dailyart,daily,picoftheday,sketch,wolverine,xman,painting,portrait,instalike,instagood,instalove,instagram,instafilm,hughjackman,instalove,love,followme,follow4follow,like4like,photography,photooftheday,pic,fantasy,instacool,passion,instamood"
109,"art,literature,tao,poetry,fashionista,travel,sports,music,world,memory"
110,"streetphotography,happy,morning,art,beautiful,photography,photooftheday,photo,photographer,colorful,instagood,instaphoto,awesome,instadaily,picture,sky,beauty,day,picoftheday,summer,view,amazing,travel,travelphotography,travelgram,travelblogger,clouds,instalike"
111,"ClementEverAfter,TeamClement,AvaAndTom"
112,"????????,????,???????????,???????????,?????,????,????,????,??????????????,irkutsk,?????,??????????,???????,bestoftheday,picoftheday,picture_to_keep,upview,???????,mainvision,art,flowers,sand"
113,
114,
115,"peinture,peinturealhuile,marine,peinture,painting,art,mer,landscape,abstractpainting,paint,sea,huile"
116,"darshanraval,darshanravalfc,picoftheday,family,love,photooftheday,summer,likesforlike,like4like,instadaily,happy,repost,art,igers,followme,tagforlikes,selfie,cute,instagood,fun,fashion,instalove,prilaga,tbt,smile,follow,beautiful,nature,friends"
117,"insta,selfie,love,goodmorning,instamood,like,follow,perfect,girl,amazing,world,pics,art,india,Canada,usa,punjabi,jattjattian,singer,actor,model,sunday,happy,lover,dubai,gym,instagood,picoftheday,shoutout"
118,"coloradoflag,wolf,fullmoon,mountainart"
119,
120,
121,"art,illustration,drawing,fetishart,fetishartist"
122,"art,illustration,drawing,draw,envywear,picture,artist,sketch,sketchbook,paper,pen,pencil,artsy,instaart,beautiful,instagood,gallery,masterpiece,creative,photooftheday,instaartist,graphic,graphics,artoftheday,beautiful,abstracto,stayabstract"
123,"travel,trip,travelgram,travelling,traveler,traveladdict,travelphotography,travelblogger,travelphoto,world,traveltheworld,??,????,???????????,????????????,???,????,???,australia,???????,?????,melbourne,art"
124,"mermaid,landmark,moon,implied,moonlit,nakedwoman,nude,kerala,sculpture,beauty,trivandrum,dark,nightshot,n?ked,naked,nightphotography,godsowncountry,keralavibes,art,moonlightbae,moonlight,travel,travelphotography,travelblogger,explorer,artistsoninstagram,artist,artistic"
125,
126,
127,"sketchbooks,sketch,art,cuadernos,paint,pintura,arte,diegomundarain"
128,"cute,oc,originalcharacter,draw,art,paper,daniel"
129,"YouTube,YoutubeMusic,Technovintage,BevingetEP,Bevinget,EastWinds,BirdsVSWorms,InsteadSpirit,HarshGrimBody,GuessyBuse,Gemini,UpinVanity,Nurture,ClaimSeem,Chiliad,Track,Music,Video,Audio,Visual,Sense,Asmr,TrackList,1999,PcMusic,Art,Vibes,Chill,Alternative"
130,
131,
132,"artbykishoriCopyright,aesthetic,tumblr,art,doodle,illustration,drawing,artistsoninstagram,teenartistsunite,eyes,people,character,pencilsketch,alternative,beauty,alternativecharacter,people,artist,follow,artjournal,artpage,hair,sketch,hair,eyes,girl,painting,paint"
133,
134,
135,
136,"summer,followers,paisaje,teen,girl,likeforlikes,likeforfollow,sun,photography,photo,naturaleza,verano,swag,flow,photooftheday,love,instagram,instagood,beautiful,happy,picoftheday,fashion,cool,amazing,day,instalike,cute,style,life"
137,
138,"doodlesofinstagram,doodleindia,himanshiartist,art,artistsoninstagram,artistshouts,arts_help,love,girls,dreams,dreamcatcher,black,blunt,white,patterns,patternsmagazine,achievementhunter,sky"
139,"oilpainting,painting,paintingwithatwist,artist,art,artistsoninstagram,artsy,instagood,instadaily,instaart,instapaint,gallery,paintinggallery,love,hobby,passion,picoftheday,paintingoftheday,portrait,pensive,gurgaon,gurgaonartist,gurgaongallery"
140,"art,journal,artjournaling,artjournal,artjournallove,journals,artwork,watercolorbattles,art_we_inspire,hygge,artspotlight,doodles,sketchbook,watercolorart,doodleart,sketching,artonistagram,artjournalingdaily,aesthetics,creativeminds,bulletjournal,bujo,journaling,bujoinspo,lovely_journals,notebooks,planner,collageart"
141,"detroitbecomehuman,dbh,fanart,dbhfanart,art,detroitbecomehumanfanart,bluehairedtraci,dbhtraci,brownhairedtraci,wlw,detroitbecomehumantraci,lesbian,drawing,sketch,doodle,pencilart,phonedoodle,pencilsketch,pencildrawing,traditionalart,artist,artistsoninstagram"
142,"art,drawing,drawings,sketchbook,sketch,picture,artist,artsy,painting,artwork,creative,myart,instaart,instaartist,beautiful,colour,animeart,animeartwork,animedrawing,otakus_art,anime,animeart_feature,anime_sketches25,animeartcollective,blackbutler,bookoftheatlantic,blackbutlerciel,blackbutlerundertaker,animeartshoutouts"
143,
144,"formatura,formandos,comissaodeformatura,graduation,fotos,estudiofotografico,gradua??o,graduaci?n,festa,Bailedegala,bailedeformatura,festadeformatura,instagood,like4like,photooftheday,fashion,beautiful,happy,tbt,cute,followme,picoftheday,art"
145,"??????,??????????,???,?????????,???????,???????,3d???????,????????,followme"
146,"kaligrafi,seni,art,islami,islam,lukisan,denpasar,bali,hiasan,muslim,onlineshop"
147,"resultados,amorpelafibra,happy,trabalho,amorpelaprofiss?o,sucesso,nailart,nailpolish,esmaltes,manicure,dicasdeunhasbr,instadeunhas,nails,fashion,glitter,nailart,art,unhas,gelnails,gelpolish,arteencapsulada,starnail,piubella,nailsschool,fibergel,cuccio,cucciobrasil"
148,"art,foodporn,time,music,sun,love,me,girl,tbt,photography,photoofday,lfl,picoftheday,blackandwhite,vintage,fff,retro,photoshoot,model,photographer,style,happy,smile,food,cafe,morning"
149,"??????,???_?????,????_????,?????_?????????,photographer,picture,instagood,instgram,beauty,nature,instalikes"
150,"watercolor,watercolour,watercolorart,watercolorblog,watercolour_gallery,watercolor_daily,watercolorflowers,watercolorflorals,calligraphy,moderncalligraphy,lettering,handlettered,handlettering,worldofartists,art"
151,"daredevil,serie,seriesaseret,netflix,marvel,funkopop,dibujo,drawing,art,instaart,ilustracion"
152,"anime,manga,art,sketch,drawing,illust,animeart,animedrawing,animefans,artwork,lineart,instaart,fanart,dailysketch,sketching,pencil,animeillust,otaku,boy,sketchbook,artlearning,doodle,jojoreference,deku,midoriyaizuku,bokunoheroacademia,myheroacademiafanart,????,???????"
153,"art,collage,clipart,prozac,zoloft,paris,antique"
154,"art,artwork,drawing,instaart,illustration,arte,sketch,zodiacsigns,sagittarius,sagittariustattoo,jupiter,pattern,patterndesign,composing,psytrance,goa,india,sign,design,artist,tattoo,amazing"
155,"technic,technology,tech,robot,intelligence,future,world,art,surprise,development,innovation,programming,programmer,engineer,motivation,3dprinting"
156,"nighthawk,detail,crop,bird_brilliance,art,watercolor,ink,illustration,illustrationart,artistsoninstagram,art,draw,drawing,arts,drawdaily"
157,"heartfelt__writings,writer,thegoodquote,writer,typewriter,depressed,stressed,hurts,wordart,poetry,life,prose,author,art,artist,literature,deepwords,mustread,words,wordsofwisdom,writersofindia,mythoughts,igers,followme,followforlike,qoutesandsayings,shortstories,microfiction"
158,"paint,draw,art,expresionism,phantomoftheopera,figurative,ilustration,acuarele"
159,"greenscreen,shoot,setlife,commercial,actress,model,storytelling,art,londonshoot,actorslife"
160,"photo,photos,pic,pics,yzy,picture,pictures,snapshot,art,beautiful,instagood,picoftheday,photooftheday,color,all_shots,exposure,composition,focus,capture"
161,"HBD,onthisday,ngadc,myngadc,vasari,giorgiovasari,saintmark,oilonpanel,popepiusv,vatican,florentineart,florentineartist,florentinepainting,florentinepainter,art,artday,artallday,artstagram,artistsoninstagram,fortheloveofart,arthistory,artmuseum,artgallery,artlover,arthistorian,nationalgalleryofartdc,italianart,italianartist"
162,"shamsart,art,collage,collageart,photoshop,modernart,digitalart,crazy,fun,racecar"
163,
164,"fotografia,photo,art,music,maracatu,fineart"
165,"outdoorart,iron,rust,art,artgallery,sculpture,sculptor,scultura,fineart,artstudio,contemporaryart,aleszi"
166,"boy,italianboy,love,like4like,inspired,cute,socialmediamarketing,socialmedia,socialmediatips,getcreative,semplicity,l4l,likeforlike,likeforfollow,beyou,marketingdigital,polishboy,fashion,beauty,instagood,eyes,photography"
167,"love,picoftheday,selfie,follow,followme,fashion,happy,me,cute,beautiful,tbt,photooftheday,instagood,style,life,nature,likeforlike,photography,family,art,food,instalike,igers,repost,smile,tagforlikes,fun,girl,instadaily"
168,"violinist,violin,music,musician,orchestra,art,violinista,concert,cello,violincover,show,cosplay,loveliveschoolidolproject,loveliveschoolidolfestivial,loveliveschoolidolprojectcosplay,lovelive,lovelivecosplay,ayaseelicosplay,instrumental,original,piano,ayaseeli,eliayasecosplay,crossplay,eliayase,violins,symphony,violino,transmale"
169,
170,"trip,visitaelmundoblog,louvre,museum,museo,paris,francia,france,europe,walk,art,amazing,city,architecture,palace,visitaelmundoblog,beautiful,painting,trip,blog"
171,
172,"greece,islandlife,paxos,paxoi,art,installation,colour"
173,"art,goodmorning,shoes,makeup,memes,beuty,pose,edit,poems,raps,aesthetic,models"
174,"postcards,postcrossing,postswapping,coffebreak,ideas,tree,art,illustration,pictures,original"
175,"MuralMonday,WindwardNotWynwood,TheCollectionMoDA,MoDASeries,Art,Lifestyle,CreativePlatform,Jamaica,BrandJamaica,Designers,Artisans,CreativeMinds,VisitJamaica,StreetArt"
176,
177,"earthtrumpsmars,relax,beauty"
178,"sketch,drawing,artwork,artoftheday,art,illustration,illustrationart,artstagram,picture,hamdal,paint,portrait,sketchbook,caff?,coffee,ArtemisiaGentileschi,painter"
179,
